{
  "rutas": [
    {
      "origen": "Villa Mella",
      "destino": "Gazcue",
      "tramos": [
        { "medio": "carro",  "tiempo_min": 20, "costo": 35 },
        { "medio": "guagua", "tiempo_min": 25, "costo": 40 }
      ],
      "transbordos": 1
    },
    {
      "origen": "Los Alcarrizos",
      "destino": "Gazcue",
      "tramos": [
        { "medio": "carro",  "tiempo_min": 30, "costo": 50 },
        { "medio": "guagua", "tiempo_min": 10, "costo": 25 }
      ],
      "transbordos": 1
    }
  ]
}
